{"cameraMode":{"drawMode":0,"name":"Shaded","section":"Shading Mode"},"sceneLighting":false,"audioPlay":false,"sceneViewState":{"showFog":true,"showMaterialUpdate":false,"showSkybox":true,"showFlares":true,"showImageEffects":true,"showParticleSystems":true},"in2DMode":false,"pivot":{"x":0.10022561252117157,"y":931.5773315429688,"z":-10.511419296264649},"rotation":{"x":0.3776799142360687,"y":0.010557573288679123,"z":-0.0043080151081085209,"w":0.9258712530136108},"size":4.824745178222656,"orthographic":false}