{"cameraMode":{"drawMode":0,"name":"Shaded","section":"Shading Mode"},"sceneLighting":false,"audioPlay":false,"sceneViewState":{"showFog":true,"showMaterialUpdate":false,"showSkybox":true,"showFlares":true,"showImageEffects":true,"showParticleSystems":true},"in2DMode":false,"pivot":{"x":2.2253668308258058,"y":-3.8663864135742189,"z":9.429279327392579},"rotation":{"x":0.1768384426832199,"y":0.10548758506774903,"z":-0.019067130982875825,"w":0.9783897399902344},"size":8.47459602355957,"orthographic":false}