{"cameraMode":{"drawMode":0,"name":"Shaded","section":"Shading Mode"},"sceneLighting":false,"audioPlay":false,"sceneViewState":{"showFog":true,"showMaterialUpdate":false,"showSkybox":true,"showFlares":true,"showImageEffects":true,"showParticleSystems":true},"in2DMode":false,"pivot":{"x":-3.692124605178833,"y":-0.4094705581665039,"z":-5.537797927856445},"rotation":{"x":0.2552964985370636,"y":0.10387955605983734,"z":-0.027192125096917154,"w":0.9608891010284424},"size":8.895122528076172,"orthographic":false}