{"cameraMode":{"drawMode":0,"name":"Shaded","section":"Shading Mode"},"sceneLighting":false,"audioPlay":false,"sceneViewState":{"showFog":true,"showMaterialUpdate":false,"showSkybox":true,"showFlares":true,"showImageEffects":true,"showParticleSystems":true},"in2DMode":false,"pivot":{"x":-3.019176483154297,"y":-6.617432594299316,"z":-9.662155151367188},"rotation":{"x":0.2913265824317932,"y":-0.2870941460132599,"z":0.09255844354629517,"w":0.9078314304351807},"size":11.393758773803711,"orthographic":false}