{"cameraMode":{"drawMode":0,"name":"Shaded","section":"Shading Mode"},"sceneLighting":false,"audioPlay":false,"sceneViewState":{"showFog":true,"showMaterialUpdate":false,"showSkybox":true,"showFlares":true,"showImageEffects":true,"showParticleSystems":true},"in2DMode":false,"pivot":{"x":7.9541425704956059,"y":-3.1018829345703127,"z":4.207035064697266},"rotation":{"x":0.2030341774225235,"y":0.22762086987495423,"z":-0.04859142005443573,"w":0.9511122703552246},"size":13.460172653198243,"orthographic":false}